0,0,0,0,0,0.833333333333333,0,0,0,0,0,0,0,1.66666666666667,0,0.833333333333333,11.6666666666667,5,11.6666666666667,14.1666666666667,21.6666666666667,16.6666666666667,12.5,8.33333333333333,7.5,7.5,10,10,5,9.16666666666667,7.5,7.5,5,2.5,8.33333333333333,5,6.66666666666667,5.83333333333333,7.5,4.16666666666667,5.83333333333333,4.16666666666667,6.66666666666667,3.33333333333333,5.83333333333333,5.83333333333333,4.16666666666667,8.33333333333333,3.33333333333333,8.33333333333333,4.16666666666667,10,5.83333333333333,8.33333333333333,3.33333333333333,1.66666666666667,0,0,0,0,0
0,4.16666666666667,6.66666666666667,0.833333333333333,2.5,5,2.5,4.16666666666667,5,3.33333333333333,5.83333333333333,4.16666666666667,5.83333333333333,3.33333333333333,1.66666666666667,3.33333333333333,5,0.833333333333333,10,14.1666666666667,16.6666666666667,10.8333333333333,16.6666666666667,14.1666666666667,14.1666666666667,7.5,10,8.33333333333333,11.6666666666667,7.5,8.33333333333333,7.5,8.33333333333333,5,5.83333333333333,2.5,8.33333333333333,11.6666666666667,9.16666666666667,5,4.16666666666667,3.33333333333333,5.83333333333333,4.16666666666667,8.33333333333333,1.66666666666667,5.83333333333333,8.33333333333333,7.5,5,5,4.16666666666667,7.5,7.5,5.83333333333333,3.33333333333333,0,0,0,0,0
0,5,5.83333333333333,2.5,1.66666666666667,3.33333333333333,3.33333333333333,0.833333333333333,5,6.66666666666667,2.5,5,3.33333333333333,5.83333333333333,2.5,1.66666666666667,3.33333333333333,4.16666666666667,10.8333333333333,6.66666666666667,9.16666666666667,14.1666666666667,11.6666666666667,10,11.6666666666667,11.6666666666667,10,5,7.5,8.33333333333333,5.83333333333333,8.33333333333333,6.66666666666667,10,2.5,10.8333333333333,5.83333333333333,7.5,5,9.16666666666667,4.16666666666667,1.66666666666667,5,3.33333333333333,5.83333333333333,4.16666666666667,4.16666666666667,4.16666666666667,7.5,5.83333333333333,4.16666666666667,5,3.33333333333333,7.5,3.33333333333333,2.5,0,0,0,0,0
0,7.5,2.5,3.33333333333333,6.66666666666667,4.16666666666667,4.16666666666667,4.16666666666667,5.83333333333333,7.5,3.33333333333333,5,5.83333333333333,3.33333333333333,8.33333333333333,4.16666666666667,7.5,5.83333333333333,9.16666666666667,8.33333333333333,8.33333333333333,12.5,12.5,13.3333333333333,12.5,7.5,11.6666666666667,10,8.33333333333333,13.3333333333333,6.66666666666667,5.83333333333333,6.66666666666667,5.83333333333333,4.16666666666667,0,5.83333333333333,6.66666666666667,11.6666666666667,6.66666666666667,4.16666666666667,2.5,2.5,4.16666666666667,8.33333333333333,4.16666666666667,5,5.83333333333333,6.66666666666667,5,5,1.66666666666667,5,6.66666666666667,5.83333333333333,4.16666666666667,0,0,0,0,0
0,2.5,1.66666666666667,3.33333333333333,4.16666666666667,3.33333333333333,4.16666666666667,4.16666666666667,1.66666666666667,6.66666666666667,8.33333333333333,4.16666666666667,3.33333333333333,4.16666666666667,4.16666666666667,2.5,5.83333333333333,4.16666666666667,10.8333333333333,8.33333333333333,10.8333333333333,14.1666666666667,11.6666666666667,15,12.5,10.8333333333333,6.66666666666667,11.6666666666667,8.33333333333333,14.1666666666667,4.16666666666667,9.16666666666667,11.6666666666667,12.5,9.16666666666667,1.66666666666667,8.33333333333333,4.16666666666667,9.16666666666667,9.16666666666667,8.33333333333333,3.33333333333333,8.33333333333333,4.16666666666667,5,3.33333333333333,0.833333333333333,1.66666666666667,9.16666666666667,6.66666666666667,4.16666666666667,7.5,6.66666666666667,3.33333333333333,6.66666666666667,4.16666666666667,0,0,0,0,0
0,1.66666666666667,4.16666666666667,2.5,2.5,0.833333333333333,0.833333333333333,5,3.33333333333333,5,5.83333333333333,4.16666666666667,1.66666666666667,2.5,2.5,4.16666666666667,3.33333333333333,4.16666666666667,4.16666666666667,14.1666666666667,12.5,19.1666666666667,15,7.5,9.16666666666667,9.16666666666667,9.16666666666667,10,10,7.5,8.33333333333333,7.5,5.83333333333333,5,5.83333333333333,6.66666666666667,5.83333333333333,5,6.66666666666667,6.66666666666667,3.33333333333333,7.5,5,2.5,7.5,4.16666666666667,4.16666666666667,5,2.5,0.833333333333333,0.833333333333333,1.66666666666667,5,3.33333333333333,3.33333333333333,2.5,0,0,0,0,0
0,4.16666666666667,3.33333333333333,7.5,6.66666666666667,7.5,5,7.5,4.16666666666667,5,8.33333333333333,2.5,1.66666666666667,4.16666666666667,2.5,3.33333333333333,1.66666666666667,3.33333333333333,9.16666666666667,14.1666666666667,13.3333333333333,14.1666666666667,19.1666666666667,15,12.5,6.66666666666667,10.8333333333333,5,6.66666666666667,5.83333333333333,9.16666666666667,7.5,6.66666666666667,9.16666666666667,5.83333333333333,5,4.16666666666667,4.16666666666667,4.16666666666667,4.16666666666667,8.33333333333333,3.33333333333333,5,5.83333333333333,7.5,5,3.33333333333333,5.83333333333333,5.83333333333333,7.5,3.33333333333333,1.66666666666667,3.33333333333333,5,2.5,5.83333333333333,0,0,0,0,0
0,6.66666666666667,2.5,6.66666666666667,6.66666666666667,3.33333333333333,5.83333333333333,9.16666666666667,5,3.33333333333333,5,3.33333333333333,4.16666666666667,4.16666666666667,4.16666666666667,4.16666666666667,5,5,11.6666666666667,11.6666666666667,11.6666666666667,14.1666666666667,15.8333333333333,6.66666666666667,10.8333333333333,10,11.6666666666667,6.66666666666667,7.5,10,6.66666666666667,9.16666666666667,7.5,10,5.83333333333333,2.5,5,5,7.5,4.16666666666667,3.33333333333333,5.83333333333333,5.83333333333333,6.66666666666667,2.5,4.16666666666667,4.16666666666667,6.66666666666667,6.66666666666667,3.33333333333333,6.66666666666667,3.33333333333333,0.833333333333333,5.83333333333333,5.83333333333333,3.33333333333333,0,0,0,0,0
0,5,3.33333333333333,5.83333333333333,2.5,1.66666666666667,3.33333333333333,3.33333333333333,1.66666666666667,4.16666666666667,5,3.33333333333333,3.33333333333333,2.5,4.16666666666667,2.5,3.33333333333333,5.83333333333333,11.6666666666667,10,9.16666666666667,13.3333333333333,10.8333333333333,10.8333333333333,13.3333333333333,9.16666666666667,6.66666666666667,6.66666666666667,8.33333333333333,5,5.83333333333333,9.16666666666667,10,5.83333333333333,6.66666666666667,4.16666666666667,6.66666666666667,9.16666666666667,5.83333333333333,6.66666666666667,5,5,7.5,3.33333333333333,4.16666666666667,0.833333333333333,5.83333333333333,2.5,5,1.66666666666667,6.66666666666667,3.33333333333333,4.16666666666667,4.16666666666667,9.16666666666667,4.16666666666667,0,0,0,0,0
0,5,0,6.66666666666667,1.66666666666667,3.33333333333333,5,2.5,1.66666666666667,4.16666666666667,2.5,5.83333333333333,5,5.83333333333333,5,1.66666666666667,4.16666666666667,3.33333333333333,13.3333333333333,14.1666666666667,15,17.5,16.6666666666667,12.5,10,5,6.66666666666667,10.8333333333333,12.5,12.5,9.16666666666667,9.16666666666667,7.5,5.83333333333333,6.66666666666667,9.16666666666667,4.16666666666667,5.83333333333333,6.66666666666667,7.5,4.16666666666667,5.83333333333333,7.5,5,5.83333333333333,3.33333333333333,6.66666666666667,5,1.66666666666667,5.83333333333333,6.66666666666667,7.5,2.5,4.16666666666667,7.5,12.5,0,0,0,0,0
0,4.16666666666667,7.5,5.83333333333333,3.33333333333333,4.16666666666667,2.5,1.66666666666667,4.16666666666667,5.83333333333333,5,8.33333333333333,5,1.66666666666667,4.16666666666667,5,4.16666666666667,6.66666666666667,10,8.33333333333333,10.8333333333333,14.1666666666667,12.5,11.6666666666667,5.83333333333333,10,7.5,8.33333333333333,3.33333333333333,9.16666666666667,4.16666666666667,7.5,2.5,4.16666666666667,6.66666666666667,4.16666666666667,5.83333333333333,6.66666666666667,8.33333333333333,6.66666666666667,4.16666666666667,6.66666666666667,2.5,2.5,6.66666666666667,8.33333333333333,4.16666666666667,8.33333333333333,3.33333333333333,9.16666666666667,2.5,4.16666666666667,4.16666666666667,5.83333333333333,5,3.33333333333333,0,0,0,0,0
0,5,5,8.33333333333333,1.66666666666667,4.16666666666667,3.33333333333333,3.33333333333333,1.66666666666667,4.16666666666667,4.16666666666667,5.83333333333333,3.33333333333333,5,4.16666666666667,4.16666666666667,4.16666666666667,5.83333333333333,12.5,9.16666666666667,8.33333333333333,17.5,7.5,14.1666666666667,8.33333333333333,14.1666666666667,9.16666666666667,11.6666666666667,7.5,7.5,7.5,5,6.66666666666667,8.33333333333333,6.66666666666667,7.5,5.83333333333333,6.66666666666667,9.16666666666667,6.66666666666667,5,2.5,6.66666666666667,6.66666666666667,5.83333333333333,5,4.16666666666667,4.16666666666667,5,3.33333333333333,5,5.83333333333333,5.83333333333333,5,5.83333333333333,0.833333333333333,0,0,0,0,0
0,4.16666666666667,7.5,5.83333333333333,4.16666666666667,1.66666666666667,2.5,4.16666666666667,4.16666666666667,5.83333333333333,8.33333333333333,4.16666666666667,2.5,4.16666666666667,2.5,1.66666666666667,3.33333333333333,4.16666666666667,8.33333333333333,9.16666666666667,10.8333333333333,11.6666666666667,12.5,12.5,5.83333333333333,5.83333333333333,7.5,9.16666666666667,8.33333333333333,9.16666666666667,10.8333333333333,7.5,7.5,2.5,9.16666666666667,9.16666666666667,8.33333333333333,5.83333333333333,5,7.5,5,1.66666666666667,14.1666666666667,5.83333333333333,4.16666666666667,4.16666666666667,1.66666666666667,1.66666666666667,6.66666666666667,5.83333333333333,5.83333333333333,4.16666666666667,6.66666666666667,5,6.66666666666667,5,0,0,0,0,0
0,4.16666666666667,6.66666666666667,1.66666666666667,2.5,5,3.33333333333333,4.16666666666667,4.16666666666667,7.5,5,5,7.5,2.5,6.66666666666667,3.33333333333333,5,3.33333333333333,15,18.3333333333333,13.3333333333333,15,12.5,14.1666666666667,11.6666666666667,9.16666666666667,10.8333333333333,10.8333333333333,10.8333333333333,10.8333333333333,6.66666666666667,8.33333333333333,6.66666666666667,8.33333333333333,2.5,7.5,8.33333333333333,5,7.5,5,5.83333333333333,4.16666666666667,1.66666666666667,2.5,4.16666666666667,4.16666666666667,3.33333333333333,8.33333333333333,4.16666666666667,3.33333333333333,8.33333333333333,10.8333333333333,5.83333333333333,5,0.833333333333333,1.66666666666667,0,0,0,0,0
0,7.5,4.16666666666667,8.33333333333333,8.33333333333333,5,5,0,5,3.33333333333333,5,7.5,2.5,3.33333333333333,5.83333333333333,2.5,5,1.66666666666667,8.33333333333333,11.6666666666667,10.8333333333333,15.8333333333333,14.1666666666667,10,12.5,10,12.5,10,9.16666666666667,8.33333333333333,13.3333333333333,7.5,8.33333333333333,8.33333333333333,5.83333333333333,5.83333333333333,3.33333333333333,9.16666666666667,3.33333333333333,9.16666666666667,8.33333333333333,5.83333333333333,5.83333333333333,5.83333333333333,3.33333333333333,6.66666666666667,4.16666666666667,3.33333333333333,4.16666666666667,5.83333333333333,3.33333333333333,8.33333333333333,8.33333333333333,5,3.33333333333333,7.5,0,0,0,0,0
0,5,6.66666666666667,2.5,3.33333333333333,6.66666666666667,6.66666666666667,4.16666666666667,7.5,5,3.33333333333333,5,1.66666666666667,3.33333333333333,4.16666666666667,7.5,2.5,3.33333333333333,4.16666666666667,6.66666666666667,9.16666666666667,10.8333333333333,15,13.3333333333333,13.3333333333333,9.16666666666667,10,10.8333333333333,10,5,10.8333333333333,15,10.8333333333333,9.16666666666667,4.16666666666667,7.5,7.5,5.83333333333333,8.33333333333333,12.5,8.33333333333333,5.83333333333333,6.66666666666667,4.16666666666667,2.5,5.83333333333333,4.16666666666667,1.66666666666667,6.66666666666667,3.33333333333333,8.33333333333333,3.33333333333333,10,5,1.66666666666667,4.16666666666667,0,0,0,0,0
0,3.33333333333333,3.33333333333333,5.83333333333333,3.33333333333333,4.16666666666667,2.5,5,7.5,4.16666666666667,5.83333333333333,7.5,5,6.66666666666667,5,4.16666666666667,2.5,3.33333333333333,15,12.5,10.8333333333333,17.5,15,12.5,12.5,6.66666666666667,5.83333333333333,9.16666666666667,8.33333333333333,3.33333333333333,9.16666666666667,5.83333333333333,7.5,4.16666666666667,5.83333333333333,4.16666666666667,7.5,5.83333333333333,6.66666666666667,4.16666666666667,6.66666666666667,5.83333333333333,7.5,5.83333333333333,4.16666666666667,5,4.16666666666667,5,5.83333333333333,6.66666666666667,7.5,0.833333333333333,10,4.16666666666667,5.83333333333333,6.66666666666667,0,0,0,0,0
0,7.5,4.16666666666667,3.33333333333333,3.33333333333333,4.16666666666667,10,5.83333333333333,2.5,4.16666666666667,4.16666666666667,4.16666666666667,3.33333333333333,4.16666666666667,2.5,7.5,0.833333333333333,3.33333333333333,8.33333333333333,15.8333333333333,11.6666666666667,10.8333333333333,14.1666666666667,13.3333333333333,15.8333333333333,13.3333333333333,15,11.6666666666667,11.6666666666667,6.66666666666667,10,5.83333333333333,7.5,8.33333333333333,6.66666666666667,5,10,1.66666666666667,5,5,6.66666666666667,5,3.33333333333333,5.83333333333333,4.16666666666667,5.83333333333333,7.5,4.16666666666667,3.33333333333333,4.16666666666667,2.5,10.8333333333333,4.16666666666667,5.83333333333333,4.16666666666667,4.16666666666667,0,0,0,0,0
0,2.5,4.16666666666667,5,4.16666666666667,5,3.33333333333333,3.33333333333333,2.5,1.66666666666667,5.83333333333333,3.33333333333333,5,7.5,6.66666666666667,7.5,5,3.33333333333333,5.83333333333333,12.5,11.6666666666667,9.16666666666667,10,12.5,10,10.8333333333333,10,10,8.33333333333333,11.6666666666667,6.66666666666667,6.66666666666667,9.16666666666667,6.66666666666667,7.5,4.16666666666667,6.66666666666667,3.33333333333333,8.33333333333333,5,4.16666666666667,1.66666666666667,4.16666666666667,4.16666666666667,5,3.33333333333333,5.83333333333333,6.66666666666667,3.33333333333333,4.16666666666667,5.83333333333333,5,5.83333333333333,4.16666666666667,4.16666666666667,4.16666666666667,0,0,0,0,0
0,6.66666666666667,4.16666666666667,2.5,5.83333333333333,2.5,5.83333333333333,5.83333333333333,5,3.33333333333333,4.16666666666667,0,5,3.33333333333333,3.33333333333333,8.33333333333333,0,3.33333333333333,5.83333333333333,15,11.6666666666667,15.8333333333333,12.5,14.1666666666667,15,8.33333333333333,7.5,7.5,8.33333333333333,5.83333333333333,7.5,7.5,8.33333333333333,5.83333333333333,6.66666666666667,6.66666666666667,0.833333333333333,4.16666666666667,5.83333333333333,4.16666666666667,4.16666666666667,5,4.16666666666667,3.33333333333333,1.66666666666667,5.83333333333333,7.5,2.5,4.16666666666667,3.33333333333333,5,5.83333333333333,3.33333333333333,4.16666666666667,5,5,0,0,0,0,0
0,3.33333333333333,3.33333333333333,3.33333333333333,4.16666666666667,5.83333333333333,5.83333333333333,5,2.5,7.5,5.83333333333333,2.5,5.83333333333333,5.83333333333333,4.16666666666667,5,9.16666666666667,6.66666666666667,9.16666666666667,13.3333333333333,11.6666666666667,15.8333333333333,15.8333333333333,11.6666666666667,9.16666666666667,11.6666666666667,11.6666666666667,14.1666666666667,7.5,7.5,10.8333333333333,12.5,7.5,5.83333333333333,5.83333333333333,6.66666666666667,6.66666666666667,4.16666666666667,7.5,5.83333333333333,7.5,2.5,5.83333333333333,6.66666666666667,5,7.5,5,1.66666666666667,6.66666666666667,5.83333333333333,4.16666666666667,6.66666666666667,5.83333333333333,2.5,2.5,4.16666666666667,0,0,0,0,0
0,5,4.16666666666667,2.5,6.66666666666667,4.16666666666667,2.5,0.833333333333333,5,5.83333333333333,3.33333333333333,2.5,3.33333333333333,5.83333333333333,1.66666666666667,6.66666666666667,5.83333333333333,5,13.3333333333333,14.1666666666667,19.1666666666667,10,10.8333333333333,15,7.5,11.6666666666667,9.16666666666667,13.3333333333333,12.5,7.5,10.8333333333333,9.16666666666667,4.16666666666667,7.5,3.33333333333333,5.83333333333333,11.6666666666667,5,8.33333333333333,5,5,4.16666666666667,5,9.16666666666667,4.16666666666667,3.33333333333333,5.83333333333333,3.33333333333333,4.16666666666667,5.83333333333333,4.16666666666667,5.83333333333333,4.16666666666667,5.83333333333333,6.66666666666667,6.66666666666667,0,0,0,0,0
0,4.16666666666667,3.33333333333333,6.66666666666667,5,8.33333333333333,9.16666666666667,2.5,4.16666666666667,4.16666666666667,7.5,3.33333333333333,5,5,8.33333333333333,6.66666666666667,10,6.66666666666667,11.6666666666667,15,10,14.1666666666667,16.6666666666667,7.5,13.3333333333333,10.8333333333333,12.5,11.6666666666667,6.66666666666667,10,5.83333333333333,13.3333333333333,7.5,10,6.66666666666667,4.16666666666667,4.16666666666667,8.33333333333333,6.66666666666667,3.33333333333333,5,2.5,5,3.33333333333333,7.5,6.66666666666667,5,2.5,5,10,4.16666666666667,5,8.33333333333333,5,3.33333333333333,9.16666666666667,0,0,0,0,0
0,4.16666666666667,5.83333333333333,6.66666666666667,4.16666666666667,3.33333333333333,3.33333333333333,6.66666666666667,3.33333333333333,2.5,10,5,10.8333333333333,5.83333333333333,3.33333333333333,4.16666666666667,7.5,5.83333333333333,10.8333333333333,11.6666666666667,15.8333333333333,14.1666666666667,15.8333333333333,10.8333333333333,10,11.6666666666667,5.83333333333333,10,10.8333333333333,9.16666666666667,10.8333333333333,8.33333333333333,10,5,6.66666666666667,5,7.5,4.16666666666667,4.16666666666667,4.16666666666667,4.16666666666667,3.33333333333333,5.83333333333333,2.5,5,4.16666666666667,2.5,7.5,2.5,6.66666666666667,7.5,3.33333333333333,4.16666666666667,5,5.83333333333333,5,0,0,0,0,0
0,1.66666666666667,6.66666666666667,3.33333333333333,2.5,2.5,7.5,3.33333333333333,4.16666666666667,6.66666666666667,4.16666666666667,8.33333333333333,5.83333333333333,5,0.833333333333333,3.33333333333333,10.8333333333333,6.66666666666667,10,9.16666666666667,20,16.6666666666667,10,15,8.33333333333333,14.1666666666667,5.83333333333333,10,5.83333333333333,4.16666666666667,6.66666666666667,12.5,5,8.33333333333333,9.16666666666667,4.16666666666667,3.33333333333333,5.83333333333333,2.5,4.16666666666667,4.16666666666667,5,3.33333333333333,5,3.33333333333333,5.83333333333333,6.66666666666667,6.66666666666667,5,3.33333333333333,4.16666666666667,5,4.16666666666667,6.66666666666667,4.16666666666667,5.83333333333333,0,0,0,0,0
0,4.16666666666667,4.16666666666667,4.16666666666667,4.16666666666667,2.5,3.33333333333333,6.66666666666667,6.66666666666667,6.66666666666667,1.66666666666667,5.83333333333333,0.833333333333333,9.16666666666667,6.66666666666667,4.16666666666667,5,8.33333333333333,13.3333333333333,10,10.8333333333333,10,15.8333333333333,13.3333333333333,11.6666666666667,9.16666666666667,9.16666666666667,8.33333333333333,10,10.8333333333333,9.16666666666667,3.33333333333333,5.83333333333333,7.5,6.66666666666667,5,6.66666666666667,3.33333333333333,4.16666666666667,2.5,6.66666666666667,4.16666666666667,3.33333333333333,2.5,0.833333333333333,5.83333333333333,4.16666666666667,6.66666666666667,3.33333333333333,1.66666666666667,3.33333333333333,4.16666666666667,4.16666666666667,6.66666666666667,5.83333333333333,3.33333333333333,0,0,0,0,0
0,4.16666666666667,1.66666666666667,6.66666666666667,8.33333333333333,0.833333333333333,6.66666666666667,8.33333333333333,7.5,4.16666666666667,1.66666666666667,7.5,4.16666666666667,3.33333333333333,3.33333333333333,5.83333333333333,4.16666666666667,5.83333333333333,10.8333333333333,13.3333333333333,10.8333333333333,19.1666666666667,11.6666666666667,11.6666666666667,10,9.16666666666667,10.8333333333333,7.5,9.16666666666667,6.66666666666667,5,3.33333333333333,5.83333333333333,10,4.16666666666667,5,3.33333333333333,8.33333333333333,3.33333333333333,3.33333333333333,7.5,5,3.33333333333333,3.33333333333333,2.5,1.66666666666667,2.5,3.33333333333333,3.33333333333333,6.66666666666667,5.83333333333333,6.66666666666667,5,5,5,4.16666666666667,0,0,0,0,0
0,5.83333333333333,3.33333333333333,1.66666666666667,0.833333333333333,4.16666666666667,4.16666666666667,8.33333333333333,3.33333333333333,3.33333333333333,4.16666666666667,0.833333333333333,2.5,5,6.66666666666667,3.33333333333333,5,5.83333333333333,10.8333333333333,15.8333333333333,17.5,11.6666666666667,8.33333333333333,14.1666666666667,10,8.33333333333333,9.16666666666667,8.33333333333333,6.66666666666667,10,8.33333333333333,7.5,6.66666666666667,1.66666666666667,4.16666666666667,2.5,4.16666666666667,6.66666666666667,5,2.5,5.83333333333333,5,8.33333333333333,5,6.66666666666667,5,5,6.66666666666667,3.33333333333333,5,6.66666666666667,5,5.83333333333333,8.33333333333333,5,10,0,0,0,0,0
0,5,4.16666666666667,4.16666666666667,8.33333333333333,2.5,7.5,4.16666666666667,3.33333333333333,2.5,7.5,5,7.5,3.33333333333333,4.16666666666667,7.5,4.16666666666667,2.5,11.6666666666667,16.6666666666667,15.8333333333333,15,13.3333333333333,8.33333333333333,8.33333333333333,11.6666666666667,5,7.5,8.33333333333333,6.66666666666667,6.66666666666667,6.66666666666667,10,5.83333333333333,2.5,3.33333333333333,8.33333333333333,4.16666666666667,6.66666666666667,6.66666666666667,5.83333333333333,1.66666666666667,4.16666666666667,3.33333333333333,3.33333333333333,4.16666666666667,3.33333333333333,3.33333333333333,6.66666666666667,3.33333333333333,4.16666666666667,5.83333333333333,5,5.83333333333333,7.5,1.66666666666667,0,0,0,0,0
0,5,4.16666666666667,2.5,2.5,5,1.66666666666667,6.66666666666667,5.83333333333333,3.33333333333333,2.5,5,1.66666666666667,5,8.33333333333333,5,5,4.16666666666667,6.66666666666667,11.6666666666667,15.8333333333333,22.5,15,6.66666666666667,15,11.6666666666667,11.6666666666667,5,6.66666666666667,5.83333333333333,4.16666666666667,8.33333333333333,4.16666666666667,5,8.33333333333333,9.16666666666667,6.66666666666667,8.33333333333333,10,6.66666666666667,2.5,3.33333333333333,5,1.66666666666667,7.5,5.83333333333333,3.33333333333333,5.83333333333333,5,5.83333333333333,1.66666666666667,5,3.33333333333333,3.33333333333333,3.33333333333333,1.66666666666667,0,0,0,0,0
0,5.83333333333333,5.83333333333333,2.5,4.16666666666667,4.16666666666667,7.5,3.33333333333333,3.33333333333333,5.83333333333333,3.33333333333333,8.33333333333333,2.5,5,4.16666666666667,4.16666666666667,5,5,10.8333333333333,13.3333333333333,11.6666666666667,7.5,11.6666666666667,10,6.66666666666667,10.8333333333333,10.8333333333333,11.6666666666667,5.83333333333333,10,6.66666666666667,13.3333333333333,6.66666666666667,5.83333333333333,9.16666666666667,8.33333333333333,4.16666666666667,3.33333333333333,8.33333333333333,2.5,6.66666666666667,7.5,3.33333333333333,5,2.5,6.66666666666667,5,5,5.83333333333333,2.5,5.83333333333333,5,5,6.66666666666667,5,5.83333333333333,0,0,0,0,0
0,5.83333333333333,0.833333333333333,4.16666666666667,4.16666666666667,5.83333333333333,4.16666666666667,4.16666666666667,4.16666666666667,9.16666666666667,5,0.833333333333333,5,1.66666666666667,5.83333333333333,6.66666666666667,1.66666666666667,8.33333333333333,10.8333333333333,10.8333333333333,17.5,10.8333333333333,10.8333333333333,13.3333333333333,8.33333333333333,9.16666666666667,8.33333333333333,5.83333333333333,4.16666666666667,5.83333333333333,5,7.5,10,5,6.66666666666667,5.83333333333333,0,10.8333333333333,4.16666666666667,3.33333333333333,1.66666666666667,5.83333333333333,5,2.5,5,2.5,6.66666666666667,3.33333333333333,1.66666666666667,3.33333333333333,8.33333333333333,3.33333333333333,3.33333333333333,4.16666666666667,7.5,5.83333333333333,0,0,0,0,0
0,4.16666666666667,5.83333333333333,3.33333333333333,8.33333333333333,3.33333333333333,2.5,5.83333333333333,5.83333333333333,5,6.66666666666667,2.5,7.5,4.16666666666667,7.5,1.66666666666667,3.33333333333333,3.33333333333333,6.66666666666667,15,21.6666666666667,11.6666666666667,14.1666666666667,7.5,14.1666666666667,10,4.16666666666667,7.5,7.5,8.33333333333333,6.66666666666667,4.16666666666667,7.5,6.66666666666667,2.5,5.83333333333333,1.66666666666667,3.33333333333333,3.33333333333333,5,5,5.83333333333333,3.33333333333333,3.33333333333333,7.5,0.833333333333333,4.16666666666667,4.16666666666667,1.66666666666667,4.16666666666667,3.33333333333333,4.16666666666667,1.66666666666667,1.66666666666667,2.5,1.66666666666667,0,0,0,0,0
0,3.33333333333333,7.5,1.66666666666667,5.83333333333333,7.5,5,6.66666666666667,10,4.16666666666667,10,3.33333333333333,4.16666666666667,5,5.83333333333333,5,5,6.66666666666667,6.66666666666667,15,12.5,13.3333333333333,4.16666666666667,10,9.16666666666667,6.66666666666667,15,9.16666666666667,9.16666666666667,5,5,7.5,6.66666666666667,8.33333333333333,2.5,7.5,5.83333333333333,1.66666666666667,6.66666666666667,6.66666666666667,1.66666666666667,4.16666666666667,5,5,3.33333333333333,3.33333333333333,4.16666666666667,7.5,2.5,5.83333333333333,6.66666666666667,1.66666666666667,5,5.83333333333333,4.16666666666667,4.16666666666667,0,0,0,0,0
0,5,5.83333333333333,1.66666666666667,3.33333333333333,6.66666666666667,5.83333333333333,6.66666666666667,1.66666666666667,5.83333333333333,4.16666666666667,3.33333333333333,3.33333333333333,0.833333333333333,3.33333333333333,5.83333333333333,3.33333333333333,5.83333333333333,4.16666666666667,8.33333333333333,15,18.3333333333333,13.3333333333333,14.1666666666667,7.5,12.5,10.8333333333333,12.5,6.66666666666667,7.5,16.6666666666667,9.16666666666667,5,8.33333333333333,4.16666666666667,5.83333333333333,4.16666666666667,4.16666666666667,3.33333333333333,4.16666666666667,5.83333333333333,5,5.83333333333333,5,3.33333333333333,5.83333333333333,5,5.83333333333333,4.16666666666667,4.16666666666667,7.5,2.5,3.33333333333333,4.16666666666667,4.16666666666667,1.66666666666667,0,0,0,0,0
0,6.66666666666667,5,5.83333333333333,2.5,5.83333333333333,6.66666666666667,5.83333333333333,0.833333333333333,6.66666666666667,5,4.16666666666667,4.16666666666667,7.5,3.33333333333333,2.5,3.33333333333333,10.8333333333333,10.8333333333333,12.5,8.33333333333333,10,12.5,11.6666666666667,10.8333333333333,13.3333333333333,8.33333333333333,9.16666666666667,6.66666666666667,6.66666666666667,5.83333333333333,10,4.16666666666667,4.16666666666667,4.16666666666667,5.83333333333333,6.66666666666667,5,8.33333333333333,5.83333333333333,5,4.16666666666667,3.33333333333333,7.5,3.33333333333333,10.8333333333333,5,5,3.33333333333333,3.33333333333333,3.33333333333333,7.5,7.5,7.5,5.83333333333333,5.83333333333333,0,0,0,0,0
0,5,3.33333333333333,3.33333333333333,4.16666666666667,1.66666666666667,3.33333333333333,6.66666666666667,3.33333333333333,5.83333333333333,7.5,9.16666666666667,2.5,5.83333333333333,5.83333333333333,4.16666666666667,4.16666666666667,3.33333333333333,11.6666666666667,15.8333333333333,11.6666666666667,10,13.3333333333333,13.3333333333333,13.3333333333333,12.5,10,10.8333333333333,10.8333333333333,9.16666666666667,1.66666666666667,10,10,6.66666666666667,4.16666666666667,3.33333333333333,5.83333333333333,5,6.66666666666667,3.33333333333333,1.66666666666667,5,2.5,4.16666666666667,3.33333333333333,6.66666666666667,3.33333333333333,3.33333333333333,6.66666666666667,5,8.33333333333333,1.66666666666667,5,5,4.16666666666667,3.33333333333333,0,0,0,0,0
0,5.83333333333333,6.66666666666667,9.16666666666667,7.5,4.16666666666667,5,6.66666666666667,5.83333333333333,3.33333333333333,5,3.33333333333333,7.5,6.66666666666667,3.33333333333333,3.33333333333333,6.66666666666667,0.833333333333333,8.33333333333333,12.5,13.3333333333333,20.8333333333333,15.8333333333333,10.8333333333333,9.16666666666667,7.5,9.16666666666667,5.83333333333333,6.66666666666667,8.33333333333333,7.5,7.5,6.66666666666667,7.5,5.83333333333333,5.83333333333333,10,6.66666666666667,3.33333333333333,4.16666666666667,5.83333333333333,5.83333333333333,5.83333333333333,5.83333333333333,8.33333333333333,2.5,3.33333333333333,3.33333333333333,4.16666666666667,3.33333333333333,7.5,4.16666666666667,3.33333333333333,5,5,5.83333333333333,0,0,0,0,0
0,5.83333333333333,4.16666666666667,7.5,4.16666666666667,10,6.66666666666667,4.16666666666667,5,5,5.83333333333333,7.5,3.33333333333333,4.16666666666667,5,2.5,5,8.33333333333333,6.66666666666667,14.1666666666667,10.8333333333333,12.5,9.16666666666667,13.3333333333333,13.3333333333333,14.1666666666667,4.16666666666667,6.66666666666667,8.33333333333333,6.66666666666667,4.16666666666667,4.16666666666667,7.5,5,0.833333333333333,4.16666666666667,6.66666666666667,3.33333333333333,5.83333333333333,2.5,6.66666666666667,5.83333333333333,0,2.5,3.33333333333333,0.833333333333333,5,1.66666666666667,1.66666666666667,2.5,3.33333333333333,4.16666666666667,5.83333333333333,3.33333333333333,3.33333333333333,10,0,0,0,0,0
0,1.66666666666667,0.833333333333333,3.33333333333333,4.16666666666667,5.83333333333333,1.66666666666667,3.33333333333333,6.66666666666667,5,5,5.83333333333333,3.33333333333333,7.5,2.5,3.33333333333333,5.83333333333333,8.33333333333333,15.8333333333333,12.5,11.6666666666667,9.16666666666667,11.6666666666667,12.5,12.5,9.16666666666667,8.33333333333333,5.83333333333333,6.66666666666667,10,8.33333333333333,5.83333333333333,9.16666666666667,9.16666666666667,3.33333333333333,3.33333333333333,6.66666666666667,6.66666666666667,5.83333333333333,1.66666666666667,5,5,3.33333333333333,2.5,3.33333333333333,1.66666666666667,2.5,5,2.5,5.83333333333333,4.16666666666667,3.33333333333333,5,5.83333333333333,8.33333333333333,5.83333333333333,0,0,0,0,0
0,0.833333333333333,5,4.16666666666667,2.5,5,5.83333333333333,1.66666666666667,3.33333333333333,2.5,3.33333333333333,1.66666666666667,4.16666666666667,5.83333333333333,3.33333333333333,5,3.33333333333333,3.33333333333333,15,12.5,15.8333333333333,15.8333333333333,11.6666666666667,11.6666666666667,10,13.3333333333333,5,10,10.8333333333333,10,9.16666666666667,8.33333333333333,5,5.83333333333333,3.33333333333333,4.16666666666667,3.33333333333333,6.66666666666667,2.5,4.16666666666667,3.33333333333333,3.33333333333333,8.33333333333333,5,5.83333333333333,2.5,5.83333333333333,5,6.66666666666667,2.5,3.33333333333333,8.33333333333333,2.5,5.83333333333333,3.33333333333333,3.33333333333333,0,0,0,0,0
0,3.33333333333333,2.5,5.83333333333333,4.16666666666667,1.66666666666667,2.5,2.5,3.33333333333333,6.66666666666667,4.16666666666667,5.83333333333333,3.33333333333333,3.33333333333333,3.33333333333333,4.16666666666667,4.16666666666667,7.5,7.5,8.33333333333333,13.3333333333333,14.1666666666667,19.1666666666667,14.1666666666667,10.8333333333333,10.8333333333333,10,11.6666666666667,5,8.33333333333333,5,9.16666666666667,8.33333333333333,5.83333333333333,5.83333333333333,3.33333333333333,7.5,9.16666666666667,5.83333333333333,3.33333333333333,4.16666666666667,3.33333333333333,2.5,0.833333333333333,5,4.16666666666667,4.16666666666667,0.833333333333333,4.16666666666667,3.33333333333333,4.16666666666667,6.66666666666667,5.83333333333333,1.66666666666667,5,2.5,0,0,0,0,0
0,6.66666666666667,6.66666666666667,3.33333333333333,8.33333333333333,5.83333333333333,6.66666666666667,4.16666666666667,9.16666666666667,5,1.66666666666667,3.33333333333333,7.5,3.33333333333333,5.83333333333333,6.66666666666667,4.16666666666667,5,8.33333333333333,13.3333333333333,12.5,12.5,13.3333333333333,9.16666666666667,8.33333333333333,7.5,7.5,10,10.8333333333333,5,9.16666666666667,6.66666666666667,4.16666666666667,6.66666666666667,8.33333333333333,9.16666666666667,2.5,8.33333333333333,5,5,5,4.16666666666667,3.33333333333333,3.33333333333333,3.33333333333333,6.66666666666667,4.16666666666667,3.33333333333333,5,1.66666666666667,5,7.5,5,6.66666666666667,10.8333333333333,6.66666666666667,0,0,0,0,0
0,5,2.5,3.33333333333333,5.83333333333333,6.66666666666667,5,5,2.5,5,5.83333333333333,4.16666666666667,3.33333333333333,2.5,5,7.5,4.16666666666667,10.8333333333333,11.6666666666667,15,10.8333333333333,10,10,13.3333333333333,7.5,9.16666666666667,10.8333333333333,6.66666666666667,6.66666666666667,5.83333333333333,6.66666666666667,5,6.66666666666667,1.66666666666667,5.83333333333333,2.5,2.5,5.83333333333333,5.83333333333333,5.83333333333333,5.83333333333333,5.83333333333333,10,6.66666666666667,3.33333333333333,4.16666666666667,3.33333333333333,1.66666666666667,2.5,1.66666666666667,5,5.83333333333333,5,2.5,6.66666666666667,4.16666666666667,0,0,0,0,0
0,4.16666666666667,5.83333333333333,5,2.5,3.33333333333333,5,4.16666666666667,10.8333333333333,5,1.66666666666667,1.66666666666667,7.5,5,5,4.16666666666667,5.83333333333333,9.16666666666667,9.16666666666667,11.6666666666667,13.3333333333333,15.8333333333333,6.66666666666667,8.33333333333333,10,10.8333333333333,8.33333333333333,7.5,15.8333333333333,6.66666666666667,3.33333333333333,9.16666666666667,5,5,6.66666666666667,6.66666666666667,3.33333333333333,8.33333333333333,4.16666666666667,5.83333333333333,2.5,5.83333333333333,6.66666666666667,5,1.66666666666667,5.83333333333333,2.5,4.16666666666667,4.16666666666667,5,3.33333333333333,6.66666666666667,6.66666666666667,4.16666666666667,2.5,5,0,0,0,0,0
0,3.33333333333333,10.8333333333333,4.16666666666667,7.5,2.5,5,5.83333333333333,5.83333333333333,2.5,5.83333333333333,4.16666666666667,4.16666666666667,5,1.66666666666667,1.66666666666667,4.16666666666667,3.33333333333333,7.5,5.83333333333333,14.1666666666667,15.8333333333333,15,13.3333333333333,8.33333333333333,8.33333333333333,8.33333333333333,7.5,7.5,5,5.83333333333333,8.33333333333333,5.83333333333333,3.33333333333333,6.66666666666667,5.83333333333333,2.5,5,3.33333333333333,5.83333333333333,8.33333333333333,3.33333333333333,5.83333333333333,3.33333333333333,4.16666666666667,4.16666666666667,5.83333333333333,7.5,2.5,6.66666666666667,5.83333333333333,5,3.33333333333333,5,4.16666666666667,3.33333333333333,0,0,0,0,0
0,6.66666666666667,5.83333333333333,7.5,5.83333333333333,5,4.16666666666667,1.66666666666667,5,1.66666666666667,3.33333333333333,5.83333333333333,1.66666666666667,5.83333333333333,1.66666666666667,3.33333333333333,1.66666666666667,7.5,5,11.6666666666667,10,10,8.33333333333333,10.8333333333333,11.6666666666667,7.5,5.83333333333333,5,8.33333333333333,7.5,3.33333333333333,2.5,7.5,7.5,5,8.33333333333333,5.83333333333333,5.83333333333333,5.83333333333333,6.66666666666667,6.66666666666667,3.33333333333333,4.16666666666667,3.33333333333333,4.16666666666667,4.16666666666667,1.66666666666667,6.66666666666667,4.16666666666667,3.33333333333333,3.33333333333333,4.16666666666667,1.66666666666667,5,5.83333333333333,7.5,0,0,0,0,0
0,4.16666666666667,6.66666666666667,5,6.66666666666667,5,4.16666666666667,4.16666666666667,5.83333333333333,4.16666666666667,7.5,6.66666666666667,3.33333333333333,2.5,5.83333333333333,5.83333333333333,3.33333333333333,8.33333333333333,13.3333333333333,10,13.3333333333333,11.6666666666667,17.5,12.5,15.8333333333333,9.16666666666667,9.16666666666667,8.33333333333333,5,9.16666666666667,5.83333333333333,5,8.33333333333333,8.33333333333333,7.5,5.83333333333333,2.5,3.33333333333333,4.16666666666667,3.33333333333333,5.83333333333333,1.66666666666667,6.66666666666667,4.16666666666667,8.33333333333333,5,5,5.83333333333333,9.16666666666667,1.66666666666667,5.83333333333333,3.33333333333333,4.16666666666667,5.83333333333333,3.33333333333333,2.5,0,0,0,0,0
0,3.33333333333333,5.83333333333333,7.5,3.33333333333333,5,5,7.5,5,5,4.16666666666667,6.66666666666667,4.16666666666667,5,7.5,5,1.66666666666667,6.66666666666667,10.8333333333333,15,14.1666666666667,13.3333333333333,12.5,11.6666666666667,7.5,13.3333333333333,10,8.33333333333333,12.5,9.16666666666667,8.33333333333333,10,5.83333333333333,9.16666666666667,6.66666666666667,5,2.5,12.5,6.66666666666667,7.5,8.33333333333333,7.5,2.5,5,1.66666666666667,4.16666666666667,5,5,5,5.83333333333333,5.83333333333333,5,2.5,2.5,4.16666666666667,6.66666666666667,0,0,0,0,0
0,6.66666666666667,3.33333333333333,2.5,2.5,2.5,5.83333333333333,6.66666666666667,3.33333333333333,4.16666666666667,3.33333333333333,2.5,3.33333333333333,6.66666666666667,5.83333333333333,4.16666666666667,10.8333333333333,6.66666666666667,6.66666666666667,11.6666666666667,18.3333333333333,10.8333333333333,14.1666666666667,5.83333333333333,7.5,10.8333333333333,11.6666666666667,10.8333333333333,6.66666666666667,9.16666666666667,10,8.33333333333333,8.33333333333333,7.5,2.5,4.16666666666667,5,5,4.16666666666667,5,5.83333333333333,3.33333333333333,3.33333333333333,1.66666666666667,3.33333333333333,4.16666666666667,5.83333333333333,6.66666666666667,4.16666666666667,3.33333333333333,5.83333333333333,3.33333333333333,3.33333333333333,5.83333333333333,6.66666666666667,7.5,0,0,0,0,0
0,9.16666666666667,5.83333333333333,2.5,5,5.83333333333333,3.33333333333333,5.83333333333333,1.66666666666667,5,5,1.66666666666667,10,1.66666666666667,2.5,3.33333333333333,5,5.83333333333333,8.33333333333333,10,12.5,15.8333333333333,13.3333333333333,15,8.33333333333333,12.5,11.6666666666667,10.8333333333333,10.8333333333333,4.16666666666667,2.5,7.5,9.16666666666667,5,2.5,5,5,9.16666666666667,8.33333333333333,5,6.66666666666667,5,5.83333333333333,4.16666666666667,6.66666666666667,7.5,0.833333333333333,3.33333333333333,3.33333333333333,6.66666666666667,5.83333333333333,4.16666666666667,3.33333333333333,2.5,8.33333333333333,5,0,0,0,0,0
0,2.5,2.5,5.83333333333333,4.16666666666667,3.33333333333333,1.66666666666667,4.16666666666667,3.33333333333333,5,5,5,7.5,7.5,5,5,4.16666666666667,3.33333333333333,12.5,14.1666666666667,11.6666666666667,16.6666666666667,16.6666666666667,12.5,10,9.16666666666667,11.6666666666667,9.16666666666667,6.66666666666667,5.83333333333333,5,9.16666666666667,7.5,4.16666666666667,5,2.5,9.16666666666667,2.5,6.66666666666667,7.5,6.66666666666667,5,6.66666666666667,6.66666666666667,5.83333333333333,5,3.33333333333333,8.33333333333333,4.16666666666667,5,7.5,2.5,3.33333333333333,4.16666666666667,6.66666666666667,6.66666666666667,0,0,0,0,0
0,4.16666666666667,5.83333333333333,6.66666666666667,7.5,3.33333333333333,3.33333333333333,7.5,3.33333333333333,9.16666666666667,5,9.16666666666667,6.66666666666667,0.833333333333333,5.83333333333333,5,4.16666666666667,4.16666666666667,10.8333333333333,12.5,20,15.8333333333333,14.1666666666667,8.33333333333333,11.6666666666667,9.16666666666667,7.5,5,8.33333333333333,9.16666666666667,6.66666666666667,7.5,9.16666666666667,6.66666666666667,5.83333333333333,4.16666666666667,10.8333333333333,5.83333333333333,7.5,5.83333333333333,5.83333333333333,7.5,3.33333333333333,2.5,6.66666666666667,5,2.5,2.5,3.33333333333333,1.66666666666667,4.16666666666667,4.16666666666667,2.5,5.83333333333333,0.833333333333333,6.66666666666667,0,0,0,0,0
0,5,5,4.16666666666667,5.83333333333333,3.33333333333333,5,2.5,5.83333333333333,5,1.66666666666667,3.33333333333333,5,6.66666666666667,5,2.5,1.66666666666667,5.83333333333333,10,11.6666666666667,15.8333333333333,10.8333333333333,13.3333333333333,10,11.6666666666667,10.8333333333333,10,11.6666666666667,10.8333333333333,9.16666666666667,10.8333333333333,4.16666666666667,7.5,4.16666666666667,5.83333333333333,8.33333333333333,7.5,3.33333333333333,5,1.66666666666667,6.66666666666667,5,2.5,3.33333333333333,4.16666666666667,3.33333333333333,5,1.66666666666667,5.83333333333333,4.16666666666667,4.16666666666667,5.83333333333333,5.83333333333333,5.83333333333333,7.5,3.33333333333333,0,0,0,0,0
0,7.5,1.66666666666667,4.16666666666667,4.16666666666667,4.16666666666667,1.66666666666667,6.66666666666667,5.83333333333333,3.33333333333333,0.833333333333333,5.83333333333333,5,3.33333333333333,3.33333333333333,3.33333333333333,5,4.16666666666667,12.5,17.5,14.1666666666667,8.33333333333333,15,15,10,11.6666666666667,10,7.5,5.83333333333333,5,7.5,9.16666666666667,5,7.5,2.5,2.5,6.66666666666667,5.83333333333333,3.33333333333333,3.33333333333333,6.66666666666667,8.33333333333333,3.33333333333333,5,5.83333333333333,3.33333333333333,5.83333333333333,2.5,1.66666666666667,5.83333333333333,5.83333333333333,3.33333333333333,7.5,7.5,2.5,5.83333333333333,0,0,0,0,0
0,5,3.33333333333333,3.33333333333333,5,2.5,5,2.5,5,4.16666666666667,5,4.16666666666667,4.16666666666667,4.16666666666667,2.5,4.16666666666667,5.83333333333333,5,6.66666666666667,17.5,13.3333333333333,12.5,13.3333333333333,9.16666666666667,15,9.16666666666667,15,8.33333333333333,7.5,8.33333333333333,9.16666666666667,5.83333333333333,5.83333333333333,1.66666666666667,5.83333333333333,6.66666666666667,5.83333333333333,6.66666666666667,10.8333333333333,3.33333333333333,4.16666666666667,4.16666666666667,8.33333333333333,5.83333333333333,5.83333333333333,5.83333333333333,0.833333333333333,5,6.66666666666667,5,5.83333333333333,5,5,6.66666666666667,2.5,2.5,0,0,0,0,0
0,12.5,10.8333333333333,4.16666666666667,5.83333333333333,5.83333333333333,7.5,2.5,5.83333333333333,5,8.33333333333333,7.5,2.5,4.16666666666667,5.83333333333333,8.33333333333333,10.8333333333333,3.33333333333333,17.5,11.6666666666667,10,13.3333333333333,9.16666666666667,10,7.5,15.8333333333333,8.33333333333333,8.33333333333333,5,6.66666666666667,6.66666666666667,5.83333333333333,7.5,5.83333333333333,6.66666666666667,4.16666666666667,10,6.66666666666667,4.16666666666667,9.16666666666667,3.33333333333333,5.83333333333333,3.33333333333333,1.66666666666667,2.5,1.66666666666667,2.5,5,1.66666666666667,2.5,3.33333333333333,4.16666666666667,2.5,0.833333333333333,2.5,9.16666666666667,0,0,0,0,0
0,4.16666666666667,1.66666666666667,8.33333333333333,5,3.33333333333333,5,4.16666666666667,5.83333333333333,4.16666666666667,3.33333333333333,6.66666666666667,8.33333333333333,3.33333333333333,5,8.33333333333333,4.16666666666667,2.5,9.16666666666667,9.16666666666667,14.1666666666667,14.1666666666667,15,13.3333333333333,14.1666666666667,10.8333333333333,8.33333333333333,7.5,8.33333333333333,6.66666666666667,5.83333333333333,7.5,4.16666666666667,5,4.16666666666667,5.83333333333333,8.33333333333333,2.5,5.83333333333333,11.6666666666667,5,4.16666666666667,3.33333333333333,5,8.33333333333333,4.16666666666667,6.66666666666667,4.16666666666667,2.5,4.16666666666667,2.5,4.16666666666667,4.16666666666667,5.83333333333333,6.66666666666667,5.83333333333333,0,0,0,0,0
0,5,0.833333333333333,5.83333333333333,3.33333333333333,6.66666666666667,3.33333333333333,5.83333333333333,6.66666666666667,3.33333333333333,6.66666666666667,4.16666666666667,5,8.33333333333333,5.83333333333333,3.33333333333333,2.5,8.33333333333333,14.1666666666667,10,15.8333333333333,13.3333333333333,15.8333333333333,13.3333333333333,10,10.8333333333333,7.5,10.8333333333333,5.83333333333333,5.83333333333333,5,4.16666666666667,5.83333333333333,0.833333333333333,4.16666666666667,6.66666666666667,7.5,6.66666666666667,5,8.33333333333333,4.16666666666667,5,4.16666666666667,3.33333333333333,5.83333333333333,5,3.33333333333333,5.83333333333333,0.833333333333333,7.5,4.16666666666667,8.33333333333333,5.83333333333333,7.5,5,4.16666666666667,0,0,0,0,0
0,5,5.83333333333333,5.83333333333333,3.33333333333333,7.5,3.33333333333333,3.33333333333333,6.66666666666667,4.16666666666667,8.33333333333333,4.16666666666667,5,11.6666666666667,6.66666666666667,7.5,5,6.66666666666667,14.1666666666667,8.33333333333333,12.5,14.1666666666667,16.6666666666667,7.5,12.5,6.66666666666667,9.16666666666667,5.83333333333333,4.16666666666667,10,7.5,7.5,5.83333333333333,2.5,6.66666666666667,7.5,5,5,8.33333333333333,4.16666666666667,3.33333333333333,4.16666666666667,3.33333333333333,6.66666666666667,2.5,3.33333333333333,5,5,7.5,3.33333333333333,5,6.66666666666667,5,10,5.83333333333333,5,0,0,0,0,0
0,3.33333333333333,4.16666666666667,0.833333333333333,3.33333333333333,5.83333333333333,10,6.66666666666667,9.16666666666667,5,7.5,7.5,7.5,5.83333333333333,9.16666666666667,5,4.16666666666667,5,10,10,14.1666666666667,13.3333333333333,13.3333333333333,15,11.6666666666667,10,12.5,8.33333333333333,14.1666666666667,5.83333333333333,8.33333333333333,14.1666666666667,7.5,5,7.5,2.5,8.33333333333333,7.5,5,5.83333333333333,5.83333333333333,4.16666666666667,5,0,2.5,5,3.33333333333333,5,5,6.66666666666667,6.66666666666667,2.5,4.16666666666667,7.5,2.5,3.33333333333333,0,0,0,0,0
0,6.66666666666667,2.5,6.66666666666667,0,4.16666666666667,4.16666666666667,5,1.66666666666667,4.16666666666667,1.66666666666667,5,8.33333333333333,5,3.33333333333333,7.5,2.5,0.833333333333333,11.6666666666667,10.8333333333333,16.6666666666667,14.1666666666667,11.6666666666667,10.8333333333333,9.16666666666667,7.5,12.5,4.16666666666667,9.16666666666667,8.33333333333333,9.16666666666667,4.16666666666667,2.5,7.5,2.5,5,2.5,7.5,7.5,8.33333333333333,5.83333333333333,3.33333333333333,3.33333333333333,5.83333333333333,5,1.66666666666667,4.16666666666667,9.16666666666667,7.5,2.5,2.5,1.66666666666667,2.5,1.66666666666667,3.33333333333333,5,0,0,0,0,0
0,2.5,8.33333333333333,1.66666666666667,5.83333333333333,3.33333333333333,5,0.833333333333333,7.5,3.33333333333333,7.5,6.66666666666667,9.16666666666667,5,6.66666666666667,3.33333333333333,4.16666666666667,5,10,13.3333333333333,20,11.6666666666667,15.8333333333333,11.6666666666667,9.16666666666667,9.16666666666667,12.5,13.3333333333333,9.16666666666667,11.6666666666667,2.5,10,8.33333333333333,6.66666666666667,4.16666666666667,9.16666666666667,3.33333333333333,6.66666666666667,5.83333333333333,5.83333333333333,3.33333333333333,8.33333333333333,0.833333333333333,5,5.83333333333333,4.16666666666667,5,3.33333333333333,3.33333333333333,5.83333333333333,2.5,10.8333333333333,1.66666666666667,3.33333333333333,5,6.66666666666667,0,0,0,0,0
0,3.33333333333333,5.83333333333333,4.16666666666667,5.83333333333333,4.16666666666667,5,3.33333333333333,9.16666666666667,3.33333333333333,1.66666666666667,6.66666666666667,2.5,4.16666666666667,3.33333333333333,5.83333333333333,5,5.83333333333333,7.5,15.8333333333333,20,10,15,11.6666666666667,9.16666666666667,12.5,11.6666666666667,5.83333333333333,7.5,6.66666666666667,5,7.5,6.66666666666667,4.16666666666667,5.83333333333333,6.66666666666667,1.66666666666667,8.33333333333333,3.33333333333333,8.33333333333333,2.5,3.33333333333333,5,7.5,5,7.5,9.16666666666667,5,6.66666666666667,6.66666666666667,10,5,3.33333333333333,3.33333333333333,3.33333333333333,4.16666666666667,0,0,0,0,0
0,1.66666666666667,3.33333333333333,5,10,7.5,9.16666666666667,6.66666666666667,4.16666666666667,3.33333333333333,3.33333333333333,2.5,7.5,5,5,2.5,5,7.5,9.16666666666667,13.3333333333333,10.8333333333333,12.5,10.8333333333333,8.33333333333333,9.16666666666667,9.16666666666667,9.16666666666667,7.5,4.16666666666667,5,7.5,4.16666666666667,4.16666666666667,3.33333333333333,5,4.16666666666667,2.5,4.16666666666667,3.33333333333333,3.33333333333333,1.66666666666667,2.5,5.83333333333333,4.16666666666667,3.33333333333333,5,4.16666666666667,5,1.66666666666667,7.5,3.33333333333333,8.33333333333333,5,1.66666666666667,1.66666666666667,2.5,0,0,0,0,0
0,4.16666666666667,4.16666666666667,4.16666666666667,5,7.5,4.16666666666667,4.16666666666667,4.16666666666667,1.66666666666667,2.5,5,3.33333333333333,2.5,2.5,5,3.33333333333333,4.16666666666667,6.66666666666667,15,16.6666666666667,14.1666666666667,12.5,18.3333333333333,15,8.33333333333333,10,9.16666666666667,7.5,6.66666666666667,5,5.83333333333333,8.33333333333333,5,2.5,3.33333333333333,3.33333333333333,5,5.83333333333333,4.16666666666667,9.16666666666667,4.16666666666667,1.66666666666667,0.833333333333333,2.5,2.5,1.66666666666667,1.66666666666667,5.83333333333333,5,3.33333333333333,3.33333333333333,2.5,5,3.33333333333333,0,0,0,0,0,0
0,4.16666666666667,8.33333333333333,5,3.33333333333333,5.83333333333333,3.33333333333333,1.66666666666667,5,5.83333333333333,4.16666666666667,7.5,5.83333333333333,8.33333333333333,3.33333333333333,8.33333333333333,5.83333333333333,7.5,11.6666666666667,16.6666666666667,16.6666666666667,17.5,19.1666666666667,16.6666666666667,10,16.6666666666667,8.33333333333333,19.1666666666667,6.66666666666667,5,5.83333333333333,3.33333333333333,5,5.83333333333333,3.33333333333333,7.5,4.16666666666667,4.16666666666667,5,5.83333333333333,5.83333333333333,0.833333333333333,7.5,4.16666666666667,1.66666666666667,5.83333333333333,1.66666666666667,3.33333333333333,0.833333333333333,3.33333333333333,2.5,4.16666666666667,5,8.33333333333333,3.33333333333333,2.5,0,0,0,0,0
0,5,4.16666666666667,5,9.16666666666667,5,2.5,5,4.16666666666667,3.33333333333333,4.16666666666667,1.66666666666667,4.16666666666667,6.66666666666667,5,5,10.8333333333333,10,6.66666666666667,11.6666666666667,10,9.16666666666667,10,10.8333333333333,15.8333333333333,15,10,7.5,7.5,13.3333333333333,6.66666666666667,3.33333333333333,7.5,5,4.16666666666667,6.66666666666667,5,10,5,2.5,7.5,1.66666666666667,4.16666666666667,5,7.5,3.33333333333333,4.16666666666667,5.83333333333333,5,5,4.16666666666667,5.83333333333333,3.33333333333333,3.33333333333333,0.833333333333333,5.83333333333333,0,0,0,0,0
0,3.33333333333333,4.16666666666667,0.833333333333333,4.16666666666667,4.16666666666667,5.83333333333333,4.16666666666667,5,5,4.16666666666667,1.66666666666667,4.16666666666667,5,6.66666666666667,4.16666666666667,5,4.16666666666667,12.5,17.5,10,12.5,21.6666666666667,8.33333333333333,10.8333333333333,10.8333333333333,4.16666666666667,10,7.5,8.33333333333333,8.33333333333333,5,7.5,2.5,9.16666666666667,5.83333333333333,4.16666666666667,2.5,5,5,2.5,3.33333333333333,5.83333333333333,4.16666666666667,3.33333333333333,2.5,2.5,6.66666666666667,5,3.33333333333333,4.16666666666667,9.16666666666667,2.5,6.66666666666667,7.5,10,0,0,0,0,0
0,3.33333333333333,2.5,4.16666666666667,4.16666666666667,3.33333333333333,4.16666666666667,10,4.16666666666667,5,6.66666666666667,3.33333333333333,1.66666666666667,3.33333333333333,2.5,5.83333333333333,2.5,5.83333333333333,6.66666666666667,11.6666666666667,19.1666666666667,15.8333333333333,13.3333333333333,10,7.5,5.83333333333333,12.5,6.66666666666667,13.3333333333333,10,10,11.6666666666667,10,10.8333333333333,5,4.16666666666667,8.33333333333333,4.16666666666667,6.66666666666667,7.5,4.16666666666667,3.33333333333333,3.33333333333333,5,5,6.66666666666667,2.5,2.5,4.16666666666667,2.5,4.16666666666667,1.66666666666667,3.33333333333333,4.16666666666667,3.33333333333333,2.5,0,0,0,0,0
